{
  "best_val_acc": 0.6809523701667786,
  "final_train_loss": 0.0,
  "final_train_acc": 0.7211440205574036,
  "accuracy": 0.7251184582710266,
  "class_names": [
    "basophil",
    "eosinophil",
    "erythroblast",
    "ig",
    "lymphocyte",
    "monocyte",
    "neutrophil",
    "platelet"
  ],
  "confusion_matrix": [
    [
      13,
      0,
      0,
      1,
      0,
      0,
      0,
      0
    ],
    [
      1,
      37,
      0,
      0,
      0,
      0,
      0,
      0
    ],
    [
      4,
      1,
      13,
      0,
      1,
      0,
      0,
      0
    ],
    [
      14,
      0,
      0,
      22,
      0,
      0,
      1,
      0
    ],
    [
      3,
      0,
      0,
      1,
      12,
      0,
      0,
      0
    ],
    [
      1,
      0,
      0,
      7,
      0,
      10,
      0,
      0
    ],
    [
      6,
      0,
      0,
      0,
      0,
      0,
      34,
      0
    ],
    [
      8,
      1,
      4,
      1,
      2,
      1,
      0,
      12
    ]
  ]
}