{
  "best_val_acc": 0.723809540271759,
  "final_train_loss": 0.0,
  "final_train_acc": 0.6966292262077332,
  "accuracy": 0.7109004855155945,
  "class_names": [
    "basophil",
    "eosinophil",
    "erythroblast",
    "ig",
    "lymphocyte",
    "monocyte",
    "neutrophil",
    "platelet"
  ],
  "confusion_matrix": [
    [
      13,
      0,
      0,
      1,
      0,
      0,
      0,
      0
    ],
    [
      1,
      37,
      0,
      0,
      0,
      0,
      0,
      0
    ],
    [
      5,
      0,
      12,
      0,
      2,
      0,
      0,
      0
    ],
    [
      8,
      0,
      0,
      28,
      1,
      0,
      0,
      0
    ],
    [
      7,
      0,
      0,
      0,
      9,
      0,
      0,
      0
    ],
    [
      5,
      0,
      0,
      3,
      0,
      10,
      0,
      0
    ],
    [
      5,
      1,
      1,
      1,
      0,
      1,
      31,
      0
    ],
    [
      11,
      2,
      3,
      0,
      1,
      2,
      0,
      10
    ]
  ]
}